{"cameraMode":{"drawMode":0,"name":"Shaded","section":"Shading Mode"},"sceneLighting":true,"audioPlay":false,"sceneViewState":{"m_AlwaysRefresh":false,"showFog":true,"showSkybox":true,"showFlares":true,"showImageEffects":true,"showParticleSystems":true,"showVisualEffectGraphs":true,"m_FxEnabled":true},"in2DMode":false,"pivot":{"x":5.788772106170654,"y":11.563858985900879,"z":2.1766281127929689},"rotation":{"x":-0.15582893788814546,"y":-0.7017396688461304,"z":0.16171786189079286,"w":-0.6761035323143005},"size":42.709102630615237,"orthographic":false}